"sun:solaris",420
"microsoft:windows_nt",366
"redhat:linux",329
"microsoft:windows_2000",300
"hp:hp-ux",275
"sgi:irix",273
"freebsd:freebsd",264
"ibm:aix",205
"microsoft:ie",177
"debian:debian_linux",138
"netbsd:netbsd",137
"suse:suse_linux",136
"mandrakesoft:mandrake_linux",128
"openbsd:openbsd",122
"microsoft:internet_information_server",120
"sun:sunos",103
"linux:linux_kernel",96
"cisco:ios",96
"apache:http_server",86
"microsoft:windows_xp",83
"microsoft:sql_server",66
"sco:openserver",66
"conectiva:linux",61
"netscape:communicator",56
"sco:unixware",54
"microsoft:windows_2000_terminal_services",49
"microsoft:windows_95",49
"oracle:application_server",48
"oracle:oracle8i",48
"isc:bind",48
"bsdi:bsd_os",48
"microsoft:windows_98",45
"ssh:ssh",44
"slackware:slackware_linux",44
"oracle:oracle9i",41
"caldera:openlinux",41
"apple:mac_os_x",40
"mysql:mysql",39
"microsoft:outlook_express",37
"mozilla:mozilla",37
"microsoft:exchange_server",36
"checkpoint:firewall-1",36
"immunix:immunix",35
"kde:kde",34
"openbsd:openssh",32
"netscape:navigator",32
"hp:tru64",31
"microsoft:data_engine",31
"cisco:catos",30
"microsoft:outlook",30
"netscape:enterprise_server",28
"turbolinux:turbolinux",28
"digital:unix",28
"mozilla:bugzilla",28
"microsoft:office",27
"apache:tomcat",27
"compaq:tru64",27
"mit:kerberos",27
"oracle:database_server",26
"microsoft:windows_98se",26
"ssh:ssh2",26
"macromedia:jrun",25
"cisco:vpn_3000_concentrator",25
"openssl:openssl",24
"trend_micro:interscan_viruswall",24
"ipswitch:imail",24
"caldera:unixware",24
"microsoft:excel",23
"php:php",23
"trustix:secure_linux",22
"symantec_veritas:netbackup_advanced_reporter",21
"aol:instant_messenger",20
"eric_allman:sendmail",20
"novell:netware",20
"data_general:dg_ux",20
"oracle:application_server_web_cache",20
"microsoft:windows_me",19
"microsoft:site_server",19
"easy_software_products:cups",19
"xfree86_project:x11r6",18
"cde:cde",18
"francisco_burzi:php-nuke",18
"washington_university:wu-ftpd",18
"samba:samba",17
"sendmail:sendmail",17
"caldera:openunix",17
"sun:jre",17
"isc:inn",16
"bea:weblogic_server",16
"sco:open_desktop",16
"gnu:glibc",15
"microsoft:word",15
"zope:zope",15
"symantec_veritas:netbackup_global_data_manager",15
"microsoft:frontpage",15
"working_resources_inc.:badblue",15
"microsoft:powerpoint",14
"texas_imperial_software:wftpd",14
"mandrakesoft:mandrake_linux_corporate_server",14
"allaire:coldfusion_server",14
"microsoft:windows_media_player",14
"cisco:pix_firewall",14
"qualcomm:eudora",14
"opera_software:opera_web_browser",14
"redhat:enterprise_linux",14
"symantec:norton_antivirus",14
"iplanet:iplanet_web_server",14
"alt-n:mdaemon",13
"sco:internet_faststart",13
"ethereal_group:ethereal",13
"mirabilis:icq",12
"webmin:webmin",12
"microsoft:virtual_machine",12
"lotus:domino",12
"sun:cobalt_raq_3i",12
"sun:cobalt_raq_2",12
"novell:groupwise",12
"microsoft:site_server_commerce",12
"university_of_washington:pine",11
"digital:osf_1",11
"microsoft:java_virtual_machine",11
"surfcontrol:superscout_web_filter",11
"nullsoft:winamp",11
"ibm:websphere_application_server",11
"openldap:openldap",11
"qualcomm:qpopper",11
"hp:vvos",11
"symantec:velociraptor",10
"openradius:openradius",10
"yard_radius:yard_radius",10
"surfcontrol:web_filter",10
"squirrelmail:squirrelmail",10
"cisco:vpn_3002_hardware_client",10
"icradius:icradius",10
"t._hauck:jana_web_server",10
"next:nextstep",10
"ibm:lotus_notes",10
"netwin:surgeftp",10
"sun:jdk",10
"pingtel:xpressa",10
"microsoft:commercial_internet_system",10
"phpbb_group:phpbb",10
"caldera:openlinux_eserver",10
"sambar:sambar_server",10
"phorum:phorum",10
"digital:ultrix",10
"kde:konqueror",9
"microsoft:index_server",9
"microsoft:office_web_components",9
"hosting_controller:hosting_controller",9
"lucent:radius",9
"nec:asl_ux_4800",9
"qnx:rtos",9
"cygnus:cygnus_network_security",9
"cygnus:kerbnet",9
"microsoft:terminal_server",9
"kth:kth_kerberos",9
"pgp:pgp",9
"caucho_technology:resin",9
"caldera:openlinux_workstation",9
"cisco:content_engine",9
"gnu:mailman",9
"netscape:fasttrack_server",9
"sun:sdk",9
"putty:putty",9
"netwin:cwmail",9
"oracle:corporate_time_outlook_connector",9
"cisco:secure_access_control_server",8
"fetchmail:fetchmail",8
"cisco:vpn_client",8
"cerulean_studios:trillian",8
"symantec:enterprise_firewall",8
"oracle:http_server",8
"caldera:openlinux_server",8
"network_associates:webshield_smtp",8
"cisco:cbos",8
"watchguard:soho_firewall",8
"yahoo:messenger",8
"omnicron:omnihttpd",8
"novell:bordermanager",8
"hp:openview_network_node_manager",8
"hp:jetdirect",8
"ibm:net.commerce",8
"proftpd_project:proftpd",8
"netwin:dmail",8
"netwin:dmailweb",8
"realnetworks:realserver",8
"caldera:openlinux_edesktop",8
"squid:squid",8
"workforceroi:xpede",8
"realnetworks:realplayer",8
"lotus:domino_mail_server",7
"hp:mpe_ix",7
"microsoft:isa_server",7
"postnuke_software_foundation:postnuke",7
"yabb:yabb",7
"padl_software:nss_ldap",7
"icecast:icecast",7
"zonelabs:zonealarm",7
"lotus:domino_r5_server",7
"netscape:directory_server",7
"lucent:ascend_max_router",7
"cisco:12000_router",7
"mantis:mantis",7
"trend_micro:officescan",7
"nec:ews-ux_v",7
"goahead_software:goahead_webserver",7
"linksys:befw11s4",7
"apple:mac_os",7
"bindview:netrc",7
"dcscripts:dcforum",7
"ssleay:ssleay",7
"livingston:radius",7
"ibm:sng",7
"microsoft:data_access_components",7
"khamil_landross_and_zack_jones:eftp",7
"recourse_technologies:mantrap",7
"ibm:websphere_commerce_suite",7
"lucent:ascend_pipeline_router",7
"symantec:raptor_firewall",7
"ncr:mp-ras",6
"hp:secure_os",6
"red-m:1050ap_lan_acess_point",6
"horde:imp",6
"analogx:simpleserver_www",6
"aprelium_technologies:abyss_web_server",6
"microsoft:personal_web_server",6
"macromedia:coldfusion",6
"ibm:lotus_domino",6
"miquel_van_smoorenburg_cistron:radius",6
"gnu:radius",6
"hp:cifs-9000_server",6
"gnu:inet",6
"nec:goah_networksv",6
"jelsoft:vbulletin",6
"aol:aol_server",6
"macromedia:flash_player",6
"microsoft:msn_messenger",6
"mod_ssl:mod_ssl",6
"paul_vixie:vixie_cron",6
"postgresql:postgresql",6
"compaq:insight_manager_xe",6
"university_of_washington:imap",6
"transsoft:broker_ftp_server",6
"software602:602pro_lan_suite",6
"linksys:befsr41",6
"cisco:voip_phone_cp-7960",6
"cisco:voip_phone_cp-7940",6
"phprojekt:phprojekt",6
"etype:eserv",6
"ca:arcserve_backup",6
"basilix:basilix_webmail",6
"lbl:tcpdump",6
"max_feoktistov:small_http_server",6
"visualshapers:ezcontents",6
"cgi_script_center:auction_weaver",5
"bmc:patrol_agent",5
"open_source_development_network:slashcode",5
"linksys:wap11",5
"network_associates:net_tools_pki_server",5
"oracle:internet_directory",5
"engardelinux:secure_linux",5
"perception:liteserve",5
"evolvable_corporation:shambala_server",5
"lotus:domino_enterprise_server",5
"cgiscript.net:csnews",5
"listar:listar",5
"tightvnc:tightvnc",5
"true_north:internet_anywhere_mail_server",5
"checkpoint:vpn-1",5
"university_of_cambridge:exim",5
"khaled_mardam-bey:mirc",5
"knox_software:arkeia",5
"open_group:x",5
"cray:unicos",5
"compaq:insight_management_agent",5
"network_associates:gauntlet_firewall",5
"intel:d845hv_motherboard",5
"asp-nuke:asp-nuke",5
"microsoft:netmeeting",5
"infopop:ultimate_bulletin_board",5
"infodrom:cfingerd",5
"microsoft:project",5
"cooolsoft:powerftp",5
"apache-ssl:apache-ssl",5
"analogx:proxy",5
"imatix:xitami",5
"sun:solstice_adminsuite",5
"netscape:messaging_server",5
"allaire:spectra",5
"valve_software:half-life",5
"realnetworks:realone_player",5
"midnight_commander:midnight_commander",5
"xinetd:xinetd",5
"freeradius:freeradius",5
"xoops:xoops",5
"adobe:acrobat_reader",5
"sun:iplanet_web_server",5
"geeklog:geeklog",5
"darren_reed:ipfilter",5
"sun:cobalt_raq_4",5
"acme_labs:thttpd",5
"nec:up-ux_v",5
"steve_poulsen:guildftpd",5
"hughes:msql",5
"microsoft:commerce_server",5
"redhat:linux_powertools",5
"mandrakesoft:mandrake_single_network_firewall",5
"matt_wright:formmail",5
"cisco:sn_5420_storage_router",5
"ipswitch:ws_ftp_server",5
"citrix:nfuse",5
"beck_ipc_gmbh:ipc_at_chip_embedded-webserver",5
"hp:jetadmin",5
"valve_software:half-life_dedicated_server",5
"ecartis:ecartis",5
"be:beos",5
"don_libes:expect",5
"intel:d845wn_motherboard",5
"qbik:wingate",4
"checkpoint:provider-1",4
"cvs:cvs",4
"juniper:netscreen_screenos",4
"hylafax:hylafax",4
"stalker:communigate_pro",4
"tarantella:tarantella_enterprise",4
"sun:solaris_answerbook2",4
"ibm:net.commerce_hosting_server",4
"ibm:lotus_domino_server",4
"jgaa:warftpd",4
"cgiscript.net:cspassword",4
"cisco:content_services_switch_11000",4
"easyscripts:easynews",4
"cgiscript.net:csmailto",4
"sun:chilisoft",4
"gv:gv",4
"qpc_software:qvt_net",4
"david_harris:pegasus_mail",4
"stunnel:stunnel",4
"ibm:http_server",4
"stephen_turner:analog",4
"realnetworks:realjukebox_2",4
"compaq:foundation_agents",4
"pi3:pi3web",4
"hns:hns",4
"elm_development_group:elm",4
"palm:palm_os",4
"cisco:cache_engine_570",4
"cisco:cache_engine_550",4
"intel:d845bg_motherboard",4
"cisco:broadband_operating_system",4
"ritlabs:the_bat",4
"caldera:openserver",4
"compaq:management_agents",4
"sws:sws_simple_web_server",4
"pragma_systems:secureshell",4
"intersoft:securenetterm",4
"rob_flynn:gaim",4
"cobalt:qube",4
"critical_path:injoin_directory_server",4
"oreilly:website_professional",4
"todd_miller:sudo",4
"computalynx:cmail",4
"computer_software_manufaktur:alibaba",4
"symantec:gateway_security",4
"symantec:liveupdate",4
"symantec:norton_personal_firewall",4
"corel:linux",4
"sun:staroffice",4
"hp:virtualvault",4
"symantec:pcanywhere",4
"iss:blackice_agent",4
"phprank:phprank",4
"iss:realsecure_server_sensor",4
"ikonboard.com:ikonboard",4
"alcatel:speed_touch_home",4
"gnu:privacy_guard",4
"sco:unix",4
"glftpd:glftpd",4
"netscape:iplanet_ical",4
"xchat:xchat",4
"microsoft:windows_media_services",4
"mambo:mambo_site_server",4
"valicert:enterprise_validation_authority",4
"nullsoft:shoutcast_server",4
"alchemy_lab:alchemy_eye",4
"blueface:falcon_web_server",4
"apple:mac_os_x_server",4
"xerox:docutech_6110",4
"xerox:docutech_6115",4
"usermin:usermin",4
"aladdin_enterprises:ghostscript",4
"excite:ews",4
"university_of_washington:wu-ftpd",4
"gordano:ntmail",4
"university_of_kansas:lynx",4
"bsd:bsd",4
"sean_macguire:big_brother",4
"c-note:squid_auth_ldap",4
"fissh:ssh_client",4
"avaya:argent_office",4
"network_associates:sniffer_agent",4
"atthat.com:thatware",4
"att:winvnc",4
"michael_lamont:savant_webserver",4
"gnu:emacs",4
"atrium_software:mercur_mailserver",4
"watchguard:firebox_ii",4
"gnome:gdm",4
"astaro:security_linux",4
"sas:sas_integration_technologies",4
"alcatel-lucent:omnipcx",4
"microsoft:indexing_service",4
"vwebserver:vwebserver",4
"microsoft:msde",4
"vqsoft:vqserver",4
"nobreak_technologies:crazywwwboard",4
"bajie:java_http_server",4
"mcafee:virusscan",4
"gnu:groff",4
"nombas:scriptease_webserver",4
"winscp:winscp",4
"cayman:gatorsurf",4
"netcomposite:shellguard_ssh",4
"cgi-world:poll_it",4
"unify:ewave_servletexec",4
"zeus_technologies:zeus_web_server",4
"adcycle:adcycle",4
"ultimate_php_board:ultimate_php_board",4
"typsoft:typsoft_ftp_server",4
"mywebserver:mywebserver",4
"galeon:galeon_browser",4
"cayman:3220-h_dsl_router",4
"lotus:domino_server",4
"argosoft:argosoft_mail_server",3
"funk_software:funk_software_proxy",3
"dcscripts:dcforum_2000",3
"funsoft:dinos_webserver",3
"namazu:namazu",3
"argosoft:ftp_server",3
"zyxel:prestige",3
"compaq:survey_utility",3
"sco:tcp_ip",3
"windowmaker:windowmaker",3
"arcadia:arcadia_internet_store",3
"aquonics_scripting:aquonics_file_manager",3
"fraunhofer_fit:bscw",3
"mysimplenews:mysimplenews",3
"procmail:procmail",3
"apple:quicktime",3
"qpc_software:qvt_term_plus",3
"apple:mac_os_runtime_for_java",3
"microsoft:proxy_server",3
"progress:progress",3
"microsoft:services",3
"ralf_s._engelschall:eperl",3
"oracle:e-business_suite",3
"internet_software_solutions:air_messenger_lan_server",3
"webcom:cgi_guestbook",3
"plus_technologies:lpplus",3
"rational_software:clearcase",3
"dnstools_software:dnstools",3
"i-soft:quikstore",3
"intel:d845pt_motherboard",3
"ncftp_software:ncftp",3
"microsoft:content_management_server",3
"delegate:delegate",3
"gallery_project:gallery",3
"sco:open_unix",3
"starfish:truesync_desktop",3
"postboard:postboard",3
"microsoft:frontpage_server_extensions",3
"dec:dec_openvms",3
"microsoft:hotmail",3
"microsoft:ie_for_macintosh",3
"instantservers_inc.:miniportal",3
"globetrotter:flexlm",3
"microsoft:jet",3
"ibm:db2_universal_database",3
"frees_wan:frees_wan",3
"sun:nfs",3
"netscape:collabra_server",3
"aladdin_knowledge_systems:esafe_gateway",3
"aclogic:cesarftp",3
"netopia:timbuktu_pro",3
"xi_graphics:dextop",3
"ibm:websphere_caching_proxy_server",3
"monkey-project:monkey_http_daemon",3
"netkit:linux_netkit",3
"akfingerd:akfingerd",3
"qdecoder:qdecoder",3
"ghostview:ghostview",3
"microsoft:xml_core_services",3
"gene6:g6_ftp_server",3
"xtell:xtell",3
"ibm:tivoli_management_framework",3
"serv-u:serv-u",3
"adobe:adobe_content_server",3
"mobius:documentdirect_for_the_internet",3
"adobe:acrobat",3
"netgear:fm114p",3
"qnx:voyager",3
"sun:iplanet_directory_server",3
"htdig:htdig",3
"squid:squid_web_proxy",3
"ibm:informix_web_datablade",3
"wnn:wnn4",3
"sgi:license_oeo",3
"andries_brouwer:util-linux",3
"andrew_tridgell:rsync",3
"davide_libenzi:xmail",3
"david_madore:ftpd-bsd",3
"alt-n:worldclient",3
"craig_dansie:dansie_shopping_cart",3
"allaire:forums",3
"seattle_lab_software:slmail",3
"mutt:mutt",3
"wliang:wmtv",3
"summit_computer_networks:lil_http_server",3
"alex_heiphetz_group:ezshopper",3
"dave_mills:xntp3",3
"dave_mills:ntpd",3
"nec:socks_5",3
"ibm:lotus_domino_r5",3
"sun:cobalt_raq",3
"aci:4d_webserver",3
"id_software:quake",3
"datawizard:ftpxq",3
"national_science_foundation:squid_web_proxy",3
"kde:k-mail",3
"ultrafunk:popcorn",3
"ultrascripts:ultraboard",3
"great_circle_associates:majordomo",3
"lsoft:listserv",3
"kth:heimdal",3
"luca_deri:ntop",3
"c2net:stonghold_web_server",3
"hns:hns-lite",3
"bzip:bzip2",3
"key_focus:kf_web_server",3
"rimarts_inc.:becky_internet_mail",3
"lucent:vitalanalysis",3
"sam_lantinga:splitvt",3
"lucent:vitalhelp",3
"cisco:cache_engine",3
"lucent:vitalnet",3
"cisco:cisco_6xx_routers",3
"cisco:content_distribution_manager_4630",3
"borland_software:interbase",3
"microsoft:access",3
"macromedia:shockwave_flash_plugin",3
"texas_imperial_software:wftpd_pro",3
"pgp:corporate_desktop",3
"joseph_allen:joe",3
"pgp:freeware",3
"pgp:personal_security",3
"bizdesign:imagefolio",3
"bisonware:bisonware_ftp_server",3
"licq:licq",3
"cgi-world:poll_it_pro",3
"trend_micro:pc-cillin",3
"snmp:snmp",3
"linksys:befsru31",3
"rxvt:rxvt",3
"tridia:tridiavnc",3
"snort:snort",3
"rsa:securid",3
"cat_soft:serv-u",3
"enlightenment:imlib",3
"chetcpasswd:chetcpasswd",3
"greg_roelofs:libpng",3
"twig_development_team:twig",3
"hp:advanced_server_9000",3
"oracle:reports",3
"endymion:mailman_webmail",3
"caldera:openlinux_ebuilder",3
"oreilly:website_pro",3
"cisco:accesspath",3
"caldera:openlinux_desktop",3
"tiny_software:tiny_personal_firewall",3
"robtex:viking_server",3
"emc:networker",3
"snapgear:snapgear_lite%2b_firewall",3
"openbb:openbb",3
"larry_wall:perl",3
"ca:inoculateit",3
"itafrica:webactive",3
"redhat:linux_advanced_workstation",3
"matt_wright:wwwboard",3
"phpwebsite:phpwebsite",3
"hp:java_jre-jdk",3
"siemens:reliant_unix",3
"michael_jennings:eterm",3
"fastream:ftp%2b%2b_server",3
"talentsoft:web%2b_server",3
"mcmurtrey_whitaker_and_associates:cart32",3
"pi-soft:spoonftp",3
"iss:blackice_defender",3
"vmware:workstation",3
"michael_dean:double_choco_latte",3
"redhat:enterprise_linux_desktop",3
"maxum_development_corporation:rumpus_ftp_server",3
"cisco:voip_phone_cp-7910",3
"baltimore_technologies:websweeper",3
"savant:savant_webserver",3
"network_associates:webshield",3
"gnu:bash",3
"intranet-server:localweb2000",3
"citrix:metaframe",3
"cisco:webns",3
"new_atlanta_communications:servletexec_isapi",3
"teekai:teekai_forum",3
"gnu:tar",3
"sawmill:sawmill",3
"sips:sips",3
"filemaker:filemaker",3
"cisco:router",3
"tech-source:raptor_gfx_pgx32",3
"floosietek:ftgatepro",3
"w-agora:w-agora",3
"vim_development_group:vim",3
"galacticomm_technologies:worldgroup_lite_personal_server",2
"redhat:docbook_utils",2
"gnu:fingerd",2
"gcf:dynamic_guestbook",2
"rsa:bsafe_ssl-j_sdk",2
"gnu:findutils",2
"realnetworks:realjukebox_2_plus",2
"halloween:halloween_linux",2
"safe.pm:safe.pm",2
"grokster:grokster",2
"realnetworks:realserver_g2",2
"gnome:libgtop_daemon",2
"guido_frassetto:sedum",2
"galacticomm_technologies:worldgroup",2
"hummingbird:exceed",2
"hp:procurve_switch_4000m",2
"rca:digital_cable_modem",2
"gert_doering:mgetty",2
"goodtech:ftp_server_95_98",2
"hp:visualize_conference_ftp",2
"gnu:wget",2
"redhat:redhat_package_manager",2
"hp:chaivm",2
"redhat:tmpwatch",2
"scott_parish:chuid",2
"sap:saposcol",2
"global_technology_associates:gnat_box_firmware",2
"hp:9000",2
"hotfoon_corporation:hotfoon",2
"sapio_design_ltd:webreflex",2
"sapporoworks:sapporoworks_winproxy",2
"hassan_consulting:shopping_cart",2
"horde:horde",2
"grant_averett:ceberus_ftp_server",2
"gnu:libc",2
"seanox:devwex",2
"sas:base",2
"hp:ldap-ux_integration",2
"goodtech:ftp_server_nt_2000",2
"roaring_penguin:mimedefang",2
"sas:integration_technologies",2
"realnetworks:realplayer_intranet",2
"seattle_lab_software:emurl",2
"sas:sas_base",2
"nokia:firewall_appliance",2
"novell:emframe",2
"matt_kimball_and_roger_wolff:mtr",2
"nosque:msgcore",2
"matt_wright:formhandler.cgi",2
"nortel:contivity",2
"matthew_redman:allmanage",2
"matthew_smith:micq",2
"matu:matu_ftp",2
"max-wilhelm_bruker:bftpd",2
"maxim_krasnyansky:vtun",2
"matrixs_cgi_vault:last_lines",2
"mdg_computer_services:web_server_4d_ecommerce",2
"mediahouse_software:statistics_server",2
"melange:melange_chat_system",2
"metainfo:sendmail",2
"metamail_corporation:metamail",2
"metaproducts:offline_explorer",2
"mhonarc:mhonarc",2
"michael_a._gumienny:fcheck",2
"network_solutions:rwhoisd",2
"luke_mewburn:lukemftp",2
"logitech:cordless_itouch_keyboard",2
"logwatch:logwatch",2
"lokwa:lokwabb",2
"openbsd:ftpd",2
"open_webmail:open_webmail",2
"lucent:ascend_tnt_router",2
"onlinetools.org:phpimageview",2
"lucent:vitalevent",2
"lucent:vitalsuite",2
"luis_bernardo:myhelpdesk",2
"michael_baumer:pfinger",2
"macromedia:sitespring",2
"novell:web_server",2
"marconi:forethought",2
"novell:netmail_xe",2
"novell:netmail",2
"markus_triska:cgiforum",2
"martin_stover:mars_nwe",2
"marty_bochane:mdbms",2
"masqmail:masqmail",2
"netegrity:siteminder",2
"netscape:news_server",2
"microsoft:windows_98_plus_pack",2
"minicom:minicom",2
"mirabilis:icq_web_front",2
"netgear:rp114",2
"netgear:me102",2
"mnscu_pals:webpals",2
"modlogan:modlogan",2
"netfilter_core_team:iptables",2
"mollensoft_software:enceladus_server_suite",2
"microsoft:webtv",2
"motorola:motorola_cablerouter",2
"mountain_network_systems:webcart",2
"music_city_networks:morpheus",2
"nec:goah_intrasv",2
"ncsa:servers",2
"ncsa:ncsa_httpd",2
"ncipher:mscapi_csp",2
"nathan_purciful:phpphotoalbum",2
"navision:financials_server",2
"network_appliance:netcache",2
"michael_k._johnson:pam_console",2
"network_associates:webshield_e-ppliance",2
"network_associates:virusscan",2
"microsoft:.net_framework",2
"microsoft:.net_windows_server",2
"microsoft:backoffice",2
"network_associates:mcafee_e-ppliance",2
"microsoft:entourage",2
"microsoft:file_transfer_manager",2
"opera_software:opera",2
"netwin:webnews",2
"microsoft:msn_messenger_service_for_exchange",2
"netscreen:screenos",2
"netscape:proxy_server",2
"microsoft:systems_management_server",2
"microsoft:tsac_activex_control",2
"microsoft:visual_basic",2
"microsoft:visual_interdev",2
"microsoft:visual_studio",2
"pirch:pirch_irc",2
"inet:inet",2
"info-zip:unzip",2
"process_software:multinet",2
"powie:pforum",2
"inktomi:traffic_server",2
"portail_web_php:portail_web_php",2
"intel:express_8100",2
"polycom:viavideo",2
"intel:inbusiness_email_station",2
"inter7:vpopmail",2
"incredimail:incredimail",2
"iomega:nas",2
"ipswitch:ws_ftp_pro",2
"iputils:iputils",2
"irssi:irssi",2
"isc:dhcp_client",2
"phpprojekt:phpprojekt",2
"iss:realsecure_network_sensor",2
"phpnettoolpack:phpnettoolpack",2
"phpmyexplorer:phpmyexplorer_classic",2
"ibm:tivoli_opc_tracker_agent",2
"ramp_networks:webramp_m3",2
"ramp_networks:webramp_200i",2
"ramp_networks:webramp",2
"radiusclient:radiusclient",2
"radiobird_software:webserver_4_all",2
"qualcomm:eudora_light",2
"ibm:net.data",2
"ibm:secureway_directory",2
"qnx:qnx",2
"phpmyadmin:phpmyadmin",2
"ibm:tivoli_secureway_policy_director",2
"ibrow:news_desk",2
"icewarp:web_mail",2
"id_software:quake_3_arena",2
"identix:biologon",2
"igor_khasilev:oops_proxy_server",2
"ikonboard:ikonboard",2
"psychoid:psybnc",2
"imp:imp",2
"lightwave:consoleserver",2
"pam:pam",2
"l0pht:l0phtcrack",2
"l2tpd:l2tpd",2
"padl_software:pam_ldap",2
"pacific_software:carello",2
"pablo_software_solutions:pablo_ftp_server",2
"oscommerce:oscommerce",2
"oreilly:website",2
"orange_software:orange_web_server",2
"oracle:web_listener",2
"panda:panda_security",2
"lilikoi:ceilidh",2
"linksys:befn2ps4",2
"linksys:befsr11",2
"linksys:befsr81",2
"linksys:befvp41",2
"linux-nis:ypserv",2
"linux-sottises:news-tnk",2
"oracle:configurator",2
"lisa:lisa",2
"pgp:e-ppliance_300",2
"phpheaven:phpmychat",2
"phpgroupware:phpgroupware",2
"phpbb:phpbb",2
"php_arena:pafiledb",2
"jeremy_arnold:worm_webserver",2
"jetico:bestcrypt",2
"joe_kloss:robinhood",2
"joe_testa:hellbent",2
"pgp:keyserver",2
"i-data_international:easycom_safecom_print_server",2
"pgp:e-business_server",2
"persits:aspupload",2
"perlbot:perlbot",2
"pedestal_software:integrity_protection_driver",2
"pdgsoft:pdg_shopping_cart",2
"kde:kvt",2
"paul_l_daniels:ripmime",2
"kevin_lindsay:secure_locate",2
"kicq:kicq",2
"steve_grimm:un-cgi",2
"diamond:supra",2
"ssh:secure_shell",2
"arescom:netdsl",2
"teamware:teamware_office",2
"stanley_t._shebs:xconq",2
"dek_software:alchemy_network_monitor",2
"bradford_barrett:webalizer",2
"deerfield:visnetic_website",2
"whitsoft:slimserve",2
"deerfield:mdaemon",2
"ascend:cascadeview_ux",2
"asksam_systems:asksam_web_publisher",2
"tamu:tiger",2
"aspjar:aspjar_guestbook",2
"astart_technologies:lprng",2
"cisco:resource_manager",2
"dec:dec_openvms_alpha",2
"steve_kneizys:agora.cgi",2
"steve_korbett:pvote",2
"webtrends:reporting_center",2
"cisco:tacacs%2b",2
"webster:webster_http_server",2
"dcscripts:dcshop",2
"daydream:daydream_bbs",2
"atrium_software:mercur_imap4_server",2
"david_bagley:xlock",2
"sun:cluster",2
"atrium_software:mercur_pop3_server",2
"webgais_development_team:webgais",2
"att:winvnc_server",2
"university_of_washington:imapd",2
"efingerd:efingerd",2
"efax:efax",2
"eeye_digital_security:securells",2
"eeye_digital_security:iris",2
"brs:webweaver",2
"amavis:virus_scanner",2
"amtote_international:homebet",2
"an:an-httpd",2
"sonicwall:soho_firewall",2
"andreas_mueller:cdrdao",2
"andrey_cherezov:acweb",2
"woltlab:burning_board",2
"anthill:anthill",2
"university_of_minnesota:gopherd",2
"sun:i-runbook",2
"wolfram_research:mathematica",2
"apc:powerchute",2
"apple:appleshare",2
"wired_community_software:wwwthreads",2
"university_of_washington:uw-imap",2
"drummond_miles:a1stats",2
"wircsrv:irc_server",2
"apple:personal_web_sharing",2
"double_precision_incorporated:courier_mta",2
"winzip:winzip",2
"teekai:teekai_tracking_online",2
"apt-www-proxy:apt-www-proxy",2
"technote_inc:technote",2
"windowmaker:wmmon",2
"bardon_data_systems:winu",2
"avtronics:inetserv",2
"axent:netprowler",2
"symantec:norton_ghost",2
"w3m:w3m",2
"w3c:jigsaw",2
"click2learn:ingenium_learning_management_system",2
"w3c:cern_httpd",2
"compaq_microcom:microcom_6000_access_integrator",2
"voxel:cbms",2
"biblioscape:biblioweb_server",2
"balabit:syslog-ng",2
"codeworx_technologies:dcp-portal",2
"sybergen:sygate",2
"beroftpd:beroftpd",2
"craig_patchett:fileseek",2
"berkeley:pmake",2
"compaq:power_management",2
"bb4:big_brother_network_monitor",2
"bbshareware.com:phusion_webserver",2
"compaq:intelligent_cluster_administrator",2
"compaq:insight_manager_lc",2
"compaq:insight_manager",2
"compaq:enterprise_volume_manager-command_scripter",2
"bea:weblogic_integration",2
"beck_ipc_gmbh:ipc_at_chip_telnetd_server",2
"compaq:armada_insight_manager",2
"behold_software:web_page_counter",2
"virtualzone:smartmail_server",2
"com2001:alexis_server",2
"van_dyke_technologies:vshell",2
"sun:iplanet_certificate_management_system",2
"sun:java",2
"cisco:unity_server",2
"auto_ftp:auto_ftp",2
"sun:java_system_web_server",2
"blackboard:courseinfo",2
"webcalendar:webcalendar",2
"d-link:dwl-900ap%2b",2
"d-link:dwl-1000ap",2
"d-link:dl-704",2
"symantec_veritas:cluster_server",2
"d-link:di-804",2
"cyrus:sasl",2
"van_dyke_technologies:securecrt",2
"apple:a_ux",2
"cyberstop:cyberstop_web_server",2
"avaya:libsafe",2
"sun:one_application_server",2
"avengers_news_system:avengers_news_system",2
"citrix:access_essentials",2
"sun:openwindows",2
"avirt:avirt_gateway_suite",2
"watchguard:firebox_4500",2
"watchguard:firebox_2500",2
"avm:ken",2
"critical_path:livecontent_directory",2
"citrix:presentation_server",2
"watchguard:firebox",2
"symantec:norton_internet_security",2
"xtradius:xtradius",2
"floosietek:ftgate",2
"trend_micro:virus_buster",2
"trend_micro:virus_buster_2001",2
"sharp:zaurus",2
"finjan_software:surfingate",2
"faust_informatics:freestyle_chat",2
"fasttrack:kazaa",2
"tripwire:tripwire",2
"sierra:half-life",2
"simon_horms:radius",2
"cisco:catalyst_29xx_supervisor_software",2
"cascadesoft:w3mail",2
"carnegie_mellon_university:cyrus_imap_server",2
"floosietek:ftgateoffice",2
"xs4all_data:xs4all_data_sunftp",2
"add2it:mailman_free",2
"xqus:x-stat",2
"xqus:x-news",2
"slmail:slmail",2
"slrn_development_team:slrn",2
"smartmax_software:mailmax",2
"adobe:digital_editions",2
"xpdf:xpdf",2
"smartwin_technology:cyberoffice_shopping_cart",2
"cisco:catalyst_4000",2
"tftpd32:tftpd32",2
"aeromail:aeromail",2
"abuse:abuse",2
"tinyproxy:tinyproxy",2
"tolis_group:bru",2
"3com:3cp4144",2
"cisco:aironet_ap340",2
"cherokee:cherokee_httpd",2
"tinc:tinc",2
"cisco:arrowpoint",2
"3d3.com:shopfactory",2
"freewnn:freewnn",2
"3r_soft:mailstudio_2000",2
"checkpoint:check_point_vpn",2
"a1webserver:http_server",2
"sgi:freeware",2
"ekilat_llc:php%28reactor%29",2
"free_peers:bearshare",2
"trend_micro:interscan_emanager",2
"cisco:cache_engine_505",2
"cgicentral:webstore_400cs",2
"cgicentral:webstore_400",2
"cgi_script_center:subscribe_me_lite",2
"foundrynet:serveriron",2
"zbsoft:zbserver",2
"thttpd:thttpd_http_server",2
"thorsten_korner:123tkshop",2
"trend_micro:interscan_webmanager",2
"shadow_op_software:dragon_server",2
"cisco:content_distribution_manager_4650",2
"cisco:catalyst_6000",2
"care_2002:care_2002",2
"eric_rescorla:ssldump",2
"canna:canna",2
"entrust:getaccess",2
"cisco:cisco_7xx_routers",2
"emumail:emumail_unix",2
"cactus_software:shell-lock",2
"essen:essentia_web_server",2
"alessandro_rubini:gpm",2
"cisco:content_router_4430",2
"cisco:content_services_switch",2
"alessandro_gardich:nss_postgresql",2
"alcatech_gmbh:bpm_studio_pro",2
"emumail:emumail_red_hat_linux",2
"emumail:emumail",2
"xerver:xerver",2
"snitz_communications:snitz_forums_2000",2
"cisco:catalyst_5xxx_supervisor_software",2
"cisco:catalyst_5000",2
"ca:arcserve_backup_2000",2
"snapstream:pvs",2
"ehud_gavron:tracesroute",2
"unisys:clearpath_mcp",1
"vdonet:vdolive_player",1
"umut_gokbayrak:postaci",1
"tkmail:tkmail",1
"novell:unixware",1
"novell:netware_client",1
"ultraedit:ultraedit-32",1
"oracle:jsp",1
"transware:active_mail",1
"verge:perdition",1
"veridis:openkeyserver",1
"trend_micro:interscan_applettrap",1
"on_technology:meeting_maker",1
"open_group:cde_common_desktop_environment",1
"novell:client",1
"novell:web_search",1
"virgil:cgi_scanner",1
"virtual_programming:vp-asp",1
"university_of_massachusetts:scheme",1
"virtual_vision:ftp_browser",1
"ucd-snmp:ucd-snmp",1
"university_of_minnesota:gopher",1
"oreilly:oreilly_website",1
"toxsoft:nextftp",1
"topher1kenobe:awol",1
"open_source_internet_solutions:open_source_internet_solutions",1
"toplayer:appswitch",1
"total_pc_solutions:php_rocket_add-in",1
"open_projects_network:open_projects_network_ircd",1
"novell:edirectory",1
"tooltalk:tooltalk_database_server",1
"oracle:listener",1
"vintra_systems:smtp_mailserver",1
"open_market:secure_webserver",1
"uninet:statsplus",1
"university_college_london:sdr",1
"verity:keyview_viewing_sdk",1
"viewcvs:viewcvs",1
"university_of_arizona:glimpse_http",1
"tony_greenwood:webwho%2b",1
"university_of_arizona:webglimpse",1
"transarc:afs",1
"university_of_california:seti_at_home",1
"videsh_sanchar_nigam_limited:integrated_dialer_software",1
"vibechild:directory_manager",1
"novell:groupwise_webaccess",1
"transarc:dce_distributed_file_system",1
"novell:http_server",1
"verity:search97",1
"openmosix_project:openmosix",1
"twibright_labs:links",1
"tumbleweed:messaging_management_system",1
"tuxbr:libcgi",1
"nullmailer:nullmailer",1
"valerie_mates:interactive_story",1
"omnisecure:httprotect",1
"utstarcom:bas_1000",1
"unix:unix",1
"nylon:nylon",1
"user-mode_linux:user-mode_linux",1
"openpkg:openpkg",1
"openoffice:openoffice",1
"turnkey_solutions:sunshop_shopping_cart",1
"nudester.org:nudester",1
"usanet_creations:makebid_auction_deluxe",1
"oatmeal_studios:mail_file",1
"oblix:netpoint",1
"us_robotics:us_robotics",1
"upland_solutions:1st_up_mail_server",1
"oddsock:song_requester",1
"omnis:studio",1
"olaf_titz:cipe",1
"openlink:openlink",1
"oliver_debon:flash",1
"unreal:unrealircd",1
"oliver_rauch:xsane",1
"nsa:security-enhanced_linux",1
"trend_micro:interscan_viruswall_for_windows_nt",1
"vax_vms:sas_system",1
"npds:npds",1
"trend_micro:scanmail_exchange",1
"nrl:opie",1
"university_of_washington:pop",1
"varicad:varicad",1
"vanessa:vanessa_logger",1
"oracle:database_assistant",1
"u_win:u_win",1
"way_to_the_web:talkback",1
"trend_micro:virus_control_system",1
"university_of_washington:pop2d",1
"ubuntu:ubuntu_linux",1
"omron:worldview",1
"triactive:remote_management",1
"nscd:nscd",1
"tridia:doublevision",1
"typsoft:typsoft",1
"twofold_photos:webshots_desktop",1
"tritreal:ted_cde",1
"nswc:cider_shadow",1
"trlinux:postaci_webmail",1
"twig:webmail",1
"trolltech:qt_assistant",1
"trolltech:trollftpd",1
"xloadimage:xloadimage",1
"netopia:r9100_router",1
"netopia:r-series_routers",1
"netopia:650-st_isdn_router",1
"ximian:evolution",1
"xinet:k-ashare",1
"xli:xli",1
"xlink_technology:omni-nfs_x_enterprise",1
"netjuke:netjuke",1
"netgear:rt338",1
"netgear:rt314",1
"netopia:timbuktu_mac",1
"xmb_software:xmb_forum",1
"netgear:rm356",1
"xpilot:xpilot",1
"netgear:fvs318",1
"xylogics:annex",1
"xyplex:maxserver_xyplex_terminal_server",1
"netdave:webster_http_server",1
"netcruiser_software:netcruiser_web_server",1
"netcplus:browsegate",1
"xemacs:xemacs",1
"wwwebbb:wwwebbb_forum",1
"wwwisis:wwwisis",1
"wwwoffle:wwwoffle",1
"netscape:messanger",1
"x.org:x11",1
"x.org:xterm",1
"xavier_ducrohet:felix",1
"xcache_technologies:xcache",1
"xcmail:xcmail",1
"yahoo:pager",1
"xerox:docucolor_4lp",1
"xerox:docuprint_n40",1
"netscape:communications_server",1
"xfree86_project:xfce",1
"netscape:commerce_server",1
"xfree86_project:xfree86",1
"xfree86_project:xlib",1
"netscape:certificate_server",1
"xi_graphics:accelerated-x_server",1
"ncipher:nshield",1
"zeroboard:zeroboard",1
"zeroforum:zeroforum",1
"nec:bluefire_ix1035_router",1
"zeroo:http_server",1
"zetetic_enterprises:strip",1
"ncsa:ncsa_web_server",1
"ncsa:campas",1
"zmailer:zmailer",1
"ncm:ncm_content_management_system",1
"ncipher:pkcs_11_library",1
"zero_one_tech:p100s",1
"ncipher:nforce",1
"ncipher:ncipher",1
"zoltan_milosevic:fluid_dynamics_search_engine",1
"zorbat:zorbstats",1
"ncftpd:ncftpd_ftp_server",1
"nbase-xyplex:edgeblaster",1
"zyxel:prestige_1600",1
"zyxel:prestige_681",1
"lotus:domino_r4",1
"neosoft:neobook",1
"netcode:nc_book",1
"yamaguchi:shingo_beep2",1
"netbsd:umapfs",1
"yamaha:midiplug",1
"yann_ramin:atphttpd",1
"yggdrasil:linux",1
"yngve_svendsen:gnatsweb",1
"netbsd:ftpd",1
"net-snmp:net-snmp",1
"wwwcount:wwwcount",1
"nedit:nedit",1
"youngzsoft:cmailserver",1
"zack_coburn:meunity_community_system",1
"nec:ix2010",1
"nec:ix1050",1
"nec:ix1020",1
"zendocs:zentrack",1
"nec:ix1011",1
"nec:ix1010",1
"watchguard:legacy_rssa",1
"nfr:nfr",1
"newsx:newsx",1
"newlog:netsupport_manager",1
"wasd:wasd_http_server",1
"nevrona_designs:miramail",1
"nevis_systems:all-mail",1
"netzero:zeroport",1
"networkice:icecap_manager",1
"network_security_wizards:dragon-fire_ids",1
"network_general:netxray",1
"nighthawk:cx_ux",1
"network_flight_recorder:network_flight_recorder",1
"watchguard:soho",1
"watchguard:vclass",1
"way:way-board",1
"zyxel:zywall10",1
"web_crossing:webx",1
"web_express:shoptron",1
"webchat.org:webchat",1
"network_associates:pgp_freeware",1
"volition:red_faction",1
"northern_solutions:xeneo_web_server",1
"nortel:optivity_net_architect",1
"nortel:nautica_marlin",1
"nortel:cvx_1800_multi-service_access_switch",1
"nortel:alteon_acedirector",1
"visible_systems:razor",1
"vmware:gsx_server",1
"volano_llc:volanochatpro",1
"nokia:ip440_firewall_vpn_appliance",1
"network_associates:netshield",1
"noguska:nola",1
"nocc:nocc",1
"voyant_technologies:sonata",1
"vtun:vtun",1
"w3.org:sendtemp.pl",1
"noah_gray:graymatter",1
"nmh:nmh",1
"nlog:nlog",1
"nighthawk:powerux",1
"wisecom:gl2422ap-0t",1
"william_deich:super",1
"winddance_networks_corporation:breeze_network_server",1
"netsmart:smartcart",1
"netscript_project:netscript",1
"wingate:wingate",1
"netscreen:screen_os",1
"winroute:winroute",1
"netscape:smartdownload",1
"netscape:publishingxpert",1
"wikkitikkitavi:wikkitikkitavi",1
"wolfpack_development:xshipwars",1
"wolfram_research:webmathematica",1
"wolfram_schneider:makewhatis",1
"netscape:professional_services_ftpserver",1
"wordtrans:wordtrans-web",1
"worldspan:res_manager",1
"wquinn:diskadvisor",1
"netscape:netscape_messaging_server_multiplexor",1
"wquinn:quotaadvisor",1
"webtrends:webtrends_for_firewalls",1
"webct:respondus",1
"webmaster:conferenceroom",1
"webresolve:webresolve",1
"webridge:px_application_suite",1
"websight_directory_system:websight_directory_system",1
"webteacher:webdata",1
"webtrends:webtrends_enterprise_reporting_server",1
"webtrends:webtrends_enterprise_reporting_server_nt",1
"webtrends:webtrends_enterprise_suite",1
"virtualcart:virtualcatalog",1
"webtrends:webtrends_log_analyzer",1
"webtrends:webtrends_professional_suite",1
"webtrends:webtrends_security_analyzer",1
"netwin:netauth",1
"wesmo:phpeventcalendar",1
"west_street_software:localweb_http_server",1
"netwin:dnews",1
"whitsoft_development:slimftpd",1
"wietse_venema:postfix",1
"rebb:rebb",1
"sourceforge:php_ticket",1
"southwest:southwest",1
"redhat:interchange",1
"spawar.navy.mil:wwwwais.25.c",1
"spearhead:netgap_200",1
"spearhead:netgap_300",1
"specter:specter_ids",1
"speechio:speechd",1
"speedxess:ha-120_dsl_router",1
"redhat:docbook_stylesheets",1
"spencer_christensen:perl_web_server",1
"sourceforge:newsdaemon",1
"spencer_miles:w3mail",1
"realnetworks:realsystem_g2_server",1
"splatt:splatt_forum",1
"springer_verlag_berlin_heidelberg:simple_wais",1
"spynet:capturenet",1
"spytech:spyanywhere",1
"spytech:spynet_chat",1
"sqldata:sqldata_enterprise_server",1
"ssh:secure_shell_for_servers",1
"stalker:stalker_internet_mail_server",1
"redi:rediplus",1
"softarc:firstclass_internet_server",1
"solarwinds:tftp_server",1
"solution_scripts:home_free",1
"rick_fournier:network_tools",1
"richard_gooch:simpleinit",1
"sonicwall:content_filtering",1
"richard_everitt:pileup",1
"rhinosoft:ftp_voyager",1
"renaud_deraison:jj",1
"renaud_deraison:faxsurvey",1
"remi_lefebvre:advanced_tftp",1
"stalkerlab:mailers",1
"sonicwall:soho",1
"redhat:stronghold",1
"redhat:rhmask",1
"sonicwall:soho2",1
"sonicwall:soho3",1
"redhat:pre-execution_environment",1
"sonicwall:tele2",1
"sony:vaio_manual_cybersupport",1
"sourcecraft:networking_utils",1
"sourceforge:mymarket",1
"sun:java_web_start",1
"storagesoft:imagecast_ic3",1
"su-wrapper:su-wrapper",1
"qpc_software:qvt_term",1
"summit_computer_networks:lil_http",1
"sun:cobalt_raq_xtr",1
"sun:forte",1
"qpc_software:avt_term",1
"sun:hotjava_browser",1
"qnx:rtp",1
"sun:java_plug-in",1
"qnx:qnx_rtos",1
"steven_j._merrifield:soundcard_cw",1
"sun:javaserver_web_dev_kit",1
"qnx:photon_microgui",1
"qnx:neutrino_rtos",1
"qms:crownnet_unix_utilities",1
"sun:linux",1
"sun:management%2bcenter",1
"sun:netbeans_developer",1
"python_software_foundation:python",1
"pyramid:benhur_software_update",1
"sun:netdynamics",1
"ranson_johnson:mailto_cgi_script",1
"realnetworks:helix_universal_server",1
"realityscape:mylogin_2000",1
"startech:pop3_proxy_server",1
"raytheon:silentrunner",1
"ray_chan:www_authorization_gateway",1
"startech:telnet_server",1
"stefan_frings:sms_server_tools",1
"rarsoft:rar",1
"stefan_holmberg:admentor",1
"rapidstream:rapidstream",1
"rlaj:rlaj_whois",1
"ranson_johnson:mailform",1
"randy_parker:power_up_html",1
"stelian:pop_dump",1
"stellar-x_software:msntauth",1
"stephen_hebditch:slurp",1
"stepweb:sws",1
"radiobird_software:web_server_4_everyone",1
"steve_sachs:charities.cron",1
"qualcomm:eudora_worldmail_server",1
"qualcomm:eudora_pro",1
"sh39:mailserver",1
"sgi:fam",1
"sgi:infosearch",1
"sgi:irisconsole",1
"sgi:mailx",1
"sgi:mediamail",1
"sco:openserver_enterprise_system",1
"sgi:mipspro_compilers",1
"sgi:nqsdaemon",1
"sgi:performance_co-pilot",1
"sgi:quake_1_server",1
"sgi:workshop_debugger_and_performance_tools",1
"scott_r._lemmon:proxomitron_naoko-4",1
"sco:cmw",1
"scaramanga:firestorm_ids",1
"savant:savant_web_server",1
"shana:informed_designer",1
"shana:informed_filler",1
"shigio_yamaguchi:global",1
"shoutcast:dnas",1
"siemens:3568i_wap",1
"siemens:hinet_lp",1
"silent_runner:silent_runner_collector_src",1
"seaside_enterprises:ezmall",1
"seh:ic9_pocket_print_server_firmware",1
"selena_sol:selena_sol_webstore",1
"selena_sol:webbanner",1
"secure_reality:phpsecurepages",1
"sebastian_kienzl:muh",1
"sebastian_dehne:pp_powerswitch",1
"sebastian_bunka:myphppagetool",1
"selom_ofori:blackmoon_ftp_server",1
"sendfile:sendfile",1
"seatle_lab_software:slmail",1
"sendpage:sendpage.pl",1
"silverplatter:webspirs",1
"sentraweb:indexu",1
"sephiroth32:zap_book",1
"seapine_software:testtrack",1
"seth_leonard:book_of_guests",1
"seth_leonard:post_it",1
"seaglass_technologies_inc.:sglmerchant",1
"scripts_for_educators:makebook",1
"script_shed:ssgbook",1
"screaming_media:siteware",1
"seunghyun_seo:msn666",1
"roxen:roxen_web_server",1
"snes9x.com:snes9x",1
"ruslan_communications:body_builder",1
"rtin:rtin",1
"rtfm:ssldump",1
"snortcenter:snortcenter",1
"rsa:rsaref",1
"socks5:socks5",1
"rsa:ace_server",1
"royal:davinci",1
"roxen:webserver",1
"roxen:roxen_webserver",1
"sabre:desktop_reservation_software",1
"rox:filer",1
"rogue:rogue",1
"rod_clark:sendform.cgi",1
"rockliffe:mailsite",1
"rob_malda:ascdc",1
"soft3304:04webserver",1
"roaring_penguin:pppoe",1
"soft_lite:serverworx",1
"roaring_penguin:canit",1
"roar_smith:info2www",1
"slashcode.com:slash",1
"sitenews:sitenews",1
"sixhead:six-webboard",1
"sketch:sketch",1
"sap:sap_r_3_web_application_server_demo",1
"sky_communications:skyfull",1
"sane:sane",1
"samsung:ml-85p_printer_driver",1
"samsung:ml-85g_gdi_printer_driver",1
"sami_tolvanen:eraser",1
"skystream:emr5000",1
"py-membres:py-membres",1
"smartdesk:websuite",1
"samba:ppp",1
"smartstuff:foolproof_security",1
"sam_hawker:wmcdplay",1
"saleslogix:corporation_eviewer",1
"salescart:salescart",1
"sage_software:mas_200",1
"safetp:safetp_server",1
"smb2www:smb2www",1
"safenet:softremote_vpn_client",1
"tetex:tetex",1
"phf:phf",1
"pgp_security:pgpfire",1
"tek:phaserlink",1
"telcondex:simplewebserver",1
"pgp:personal_privacy",1
"pgp:openpgp",1
"telindus:1120_adsl_router",1
"telindus:adsl_router",1
"tenfour:tfs_gateway",1
"tenfour:tfs_gateway_smtp",1
"pgp:desktop_security",1
"tek:phaser_network_printer_930",1
"tetrix:tetrinet",1
"pgp:certificate_server",1
"peter_sandvik:simple_web_server",1
"perl-mailtools:perl-mailtools",1
"perl-httpd:perl-httpd",1
"textor_webmasters_ltd.:listrec.pl",1
"pen:pen",1
"pelesoft:netsnap",1
"peel:peel",1
"peaceworks_computer_consulting:phormation",1
"php_address:php_address",1
"phplib_team:phplib",1
"phpix:phpix",1
"tcsh:tcsh",1
"tdavid:td_forum",1
"team_johnlong:raidenftpd",1
"phpbb:phpbbmod",1
"teamshare:teamtrack",1
"phpbb:advanced_quick_reply_hack",1
"phpadsnew:phpadsnew",1
"php_firstpost:php_firstpost",1
"php_evolution:news_evolution",1
"tftp:tftp",1
"php:phpsquidpass",1
"php:php_fi",1
"tek:phaser_network_printer_740",1
"tek:phaser_network_printer_750",1
"php-wiki:php-wiki",1
"php-survey:php-survey",1
"php-nuke:php-nuke",1
"tek:phaser_network_printer_750dp",1
"philip_chinery:philip_chinerys_guestbook",1
"tek:phaser_network_printer_840",1
"tin:tin",1
"palm_pilot:hotsync_manager",1
"thunderstone_software:texis",1
"palm:palm_desktop",1
"palace:palace_client",1
"ti_kan:xmcd",1
"paintbbs:paintbbs",1
"tightauction:tightauction",1
"timecop:bubblemon",1
"timecop:wmcube_gdk",1
"packet_knights:fpf_linux_kernel_module",1
"pacific_software:url_live",1
"thomas_boutell:cgic_library",1
"pablo_software_solutions:baby_ftp_server",1
"outfront:spooky_login",1
"ossp:mm",1
"osicom:routermate",1
"osi_codes_inc.:intragnat",1
"oscar_nierstrasz:htgrep",1
"orion%02:orion_application_server",1
"orinoco:orinoco_wavelan",1
"tinyhttpd:tinyhttpd",1
"tis:internet_firewall_toolkit",1
"paul_kranenburg:strace",1
"tftp:tftp_server",1
"pccs-linux:mysqldatabase_admin_tool",1
"paul_m._jones:phorecast",1
"paul_l_daniels:inflex",1
"the_economist:the_economist_1999_screen_saver",1
"paul_l_daniels:altermime",1
"the_magic_notebook:the_magic_notebook",1
"paul_kulchenko:soap_lite",1
"thenet:checkbo",1
"thibault_godouet:fcron",1
"phplinkat:phplinkat",1
"paul_jarc:idtools",1
"patrick_schemitz:autonice_daemon",1
"passwd:passwd",1
"pascal_michaud:asp_client_check",1
"parachat:parachat_server",1
"thinking_arts:es.one",1
"third_voice:third_voice_web",1
"panda:panda_antivirus_platinum",1
"panda:panda_antivirus",1
"pam_mysql:pam_mysql",1
"powerscripts:plusmail",1
"surecom:ep-4501",1
"surf-net:asp_forum",1
"surfcontrol:superscout",1
"surfcontrol:superscout_email_filter",1
"suse:suse_linux_imap_server",1
"pramati:pramati_server",1
"pragma_systems:telnetserver",1
"svgalib:svgalib",1
"pragma_systems:interaccess_telnetd_server",1
"pragma_systems:interaccess",1
"svgalib:zgv",1
"sun:workshop",1
"swatch:swatch",1
"powerphlogger:powerphlogger",1
"powerboards:powerboards",1
"postnuke_software_foundation:postcalendar",1
"swen_thuemmler:ypbind",1
"swsoft:aspseek",1
"sybase:adaptive_server",1
"posadis:posadis",1
"portix-php:portix-php",1
"pop3lite:pop3lite",1
"sun:solstice_backup",1
"sun:one_web_server",1
"pwins:pwins",1
"pwck:pwck",1
"sun:patchpro",1
"purity:purity",1
"sun:ray_server_software",1
"puppets_place:nukenabber",1
"ptlink:ptlink_ircd",1
"sun:solaris_isp_server",1
"ptlink:ptlink_irc_services",1
"sun:solaris_pc_netlink",1
"sybase:adaptive_server_anywhere",1
"sun:sparc",1
"prospero_technologies:prospero_message_board",1
"sun:sun_ftp",1
"prosoft_engineering:netware_client",1
"sun:sun_pci_ii_driver",1
"project_purple:autodns",1
"progress:webspeed",1
"sun:sunvts",1
"sun:web-based_enterprise_management",1
"progeny:debian",1
"phpsecure.org:immobilier",1
"phpwebsite_development_team:phpwebsite",1
"phpwebgallery:phpwebgallery",1
"phpsmssend:phpsmssend",1
"symantec:mail-gear",1
"phpslice:phpslice",1
"symantec:norton_utilities",1
"phpslash:phpslash",1
"symantec:sygate_personal_firewall",1
"symantec_veritas:backup",1
"phpshare:phpshare",1
"symantec_veritas:backup_exec",1
"symantec:java",1
"symantec_veritas:volume_manager",1
"symatec:popper_mod",1
"symbol:41x1_access_point",1
"phppgadmin:phppgadmin",1
"sysadmin_magazine:man.sh",1
"phpoutsourcing:zorum",1
"systemsoft:systemwizard",1
"talentsoft:web%2b",1
"phpmyexplorer:phpmyexplorer_multiuser",1
"talkd:talkd",1
"sybergen:secure_desktop",1
"sybase:easerver",1
"sybase:powerdynamo",1
"pointsec_mobile_technologies:pointsec",1
"pmail:mercury_mail_server",1
"plumtree:plumtree_corporate_portal",1
"plp:line_printer_control",1
"plesk:plesk_server_administrator",1
"pld:6tunnel",1
"platinum:policy_compliance_manager",1
"planet_intra:planet_intra",1
"oreilly:webboard",1
"pkware:pkzip",1
"pirch:ruspirch",1
"sybex:e-trainer",1
"symantec:firewall_vpn_appliance_100",1
"symantec:firewall_vpn_appliance_200",1
"pinboard:pinboard",1
"pierre_beyssac:bing",1
"pico_server:pico_server",1
"symantec:firewall_vpn_appliance_200r",1
"symantec:i-gear",1
"compaq:system_healthcheck",1
"compaq:insight_management_desktop_web_agent",1
"compaq:management_agents_for_servers",1
"compaq:open_san_manager",1
"compaq:presario",1
"compaq:proliant_bl_e-class_integrated_administrator_firmware",1
"compaq:sanworks_resource_monitor",1
"compaq:smartstart",1
"compaq:storage_allocation_reporter",1
"compaq:easy_access_keyboard_software",1
"compaq:trucluster",1
"compaq:web-enabled_management",1
"computalynx:cproxy_server",1
"computer_power_solutions:visual_casel",1
"computer_software_manufaktur:csm_proxy",1
"comscripts:web_server_creator",1
"comstock:multicsp",1
"concatus:imate_webmail_server",1
"compaq:acms",1
"commonname:commonname_toolbar",1
"com21:doxport_1100",1
"colten_edwards:bitchx",1
"coffeecup_software:coffeecup_free_ftp",1
"coffeecup_software:coffeecup_direct_ftp",1
"codeblue:codeblue",1
"cobalt:webmail",1
"coast:satan",1
"cnet:catchup",1
"cnc:technology_bizdb",1
"cmu:bootpd",1
"cmg:wap_gateway",1
"cmg:openwave_wap_gateway",1
"clearswift_limited:mailsweeper",1
"curtis_specialty_consulting:iispop",1
"daniel_beckham:the_finger_server",1
"daniel_barron:dansguardian",1
"dan_mueth:scrollkeeper",1
"dan_bernstein:qmail",1
"dalnet:ircd",1
"dallas_semiconductor:ibutton",1
"dacode:dacode",1
"daansystems:newsreactor",1
"d-link:dp-303",1
"cyrus:libsieve",1
"cyrix:linux",1
"cybozu:share360",1
"cybercash:merchant_connection_kit",1
"cvsweb_developer:cvsweb",1
"cvsup:cvsup",1
"clearswift:mailsweeper_for_smtp",1
"csm:mail_server",1
"csandt:corporatetime_for_the_web",1
"cryptocard:cryptoadmin",1
"crosswind:cyberscheduler",1
"crosstec_corporation:netop_school",1
"crosscom_olicom:xlt-f",1
"crear:almail32",1
"cray:unicos_max",1
"coxco_support:midicart_php",1
"cows:cgi_online_worldweb_shopping",1
"counterpane:password_safe",1
"cosmicperl:directory_pro",1
"corel:wordperfect",1
"cops:cops",1
"connect_inc.:powernet_ix",1
"cisco:hsrp",1
"cisco:content_services_switch_11050",1
"cisco:content_services_switch_11150",1
"cisco:content_services_switch_11800",1
"cisco:css11000_content_services_switch",1
"cisco:distributed_director",1
"cisco:gigabit_switch_router_12008",1
"cisco:gigabit_switch_router_12012",1
"cisco:gigabit_switch_router_12016",1
"cisco:ciscosecure",1
"cisco:icdn",1
"cisco:ids_device_manager",1
"cisco:iscsi_driver",1
"cisco:ons_15454_optical_transport_platform",1
"cisco:pgw_2200",1
"cisco:pix_firewall_515",1
"cisco:pix_firewall_520",1
"cisco:pix_firewall_manager",1
"cisco:catalyst_8500",1
"cisco:catalyst_6000_intrusion_detection_system_module",1
"cisco:catalyst_4908g-l3",1
"cisco:catalyst_3550",1
"cisco:catalyst_3500xl",1
"cisco:catalyst_3500_xl",1
"cisco:catalyst_2950",1
"cisco:catalyst_2948g-l3",1
"cisco:catalyst_2900xl",1
"cisco:catalyst_2900_vlan",1
"cisco:catalyst_2900",1
"cisco:catalyst_12xx_supervisor_software",1
"cisco:call_manager",1
"cisco:bams",1
"cisco:ata-186",1
"cisco:virtual_central_office_4000",1
"claymore_systems_inc:puretls",1
"clanlib:clanlib",1
"citrix:winframe",1
"citrix:metaframe_presentation_server",1
"citrix:ica_client",1
"citadel:ux",1
"cisco:vspt",1
"cisco:vsc3000",1
"cisco:vpn_500_concentrator",1
"cisco:vpn_3080_concentrator",1
"cisco:vpn_3060_concentrator",1
"cisco:vpn_3030_concentator",1
"cisco:vpn_3015_concentrator",1
"cisco:vpn_3005_concentrator",1
"cisco:voice_gateway_as5800",1
"daniel_stenberg:curl",1
"cisco:ubr925",1
"cisco:ubr924",1
"cisco:ubr920",1
"cisco:ubr7200",1
"cisco:tftp_server",1
"cisco:system_controller_3640",1
"cisco:secure_intrusion_detection_system",1
"cisco:sc2200",1
"cisco:router_7500",1
"cisco:router_7200",1
"cisco:router_4000",1
"cisco:router_3600",1
"cisco:router_2600",1
"cisco:router_2500",1
"cisco:pix_private_link",1
"extended_interior_gateway_routing_protocol:extended_interior_gateway_routing_protocol",1
"erwin_lansing:mailidx",1
"eshare_communications_inc.:eshare_expressions",1
"etl:delegate",1
"etnus:totalview",1
"ettercap:ettercap",1
"eudora:internet_mail_server",1
"eusso:gl2422_ap",1
"exmh:exmh",1
"ericsson:axc_tigris_multiservice_access_platform",1
"extent_technologies:rbs_isp",1
"extremail:extremail",1
"extropia:bbs_forum.cgi",1
"extropia:extropia_webstore",1
"ez_systems:httpbench",1
"ezne.net:ezboard_2000",1
"f2html.pl:f2html.pl",1
"f5:big-ip",1
"eric_allman:vacation",1
"enterasys:dragon",1
"ensim:webppliance",1
"endymion:sake_mail",1
"emergenices_personnel_information_system:empris",1
"elsa:lancom_1100_office",1
"elron:im_message_inspector",1
"elron:im_anti_virus",1
"element_n.v:element_instantshop",1
"electrosoft:electrocomm",1
"eeye_digital_security:secureiis",1
"edonkey2000:edonkey_2000_client",1
"ecometry:sgdynamo",1
"eazel:nautilus",1
"easycart:easycart",1
"fortech:proxy%2b",1
"freshmeat:network_query_tool_phpnuke",1
"freshmeat:network_query_tool",1
"freechess.org:fics_program",1
"freebsd:ports_collection",1
"freebsd:ja-xklock",1
"freebsd:heimdal",1
"freebsd:aide",1
"free_java_web_server:free_java_web_server",1
"frederic_tyndiuk:eupload",1
"fred_n._van_kempen:dip",1
"frank_mcingvale:luxman",1
"francisco_burzi:gallery",1
"foundstone:fscan",1
"foundrynet:edgeiron",1
"fortres_grand_corporation:fortres",1
"eastman_software:work_management",1
"fms_inc.:total_vb_sourcebook",1
"flowpoint:flowpoint_dsl_router",1
"flicks_software:authentix",1
"flavio_veloso:nobo",1
"flashfxp:flashfxp",1
"firebirdsql:firebird",1
"fastream:fur_http_server",1
"fastream:fastream_ftp_server",1
"fastream:fastream_ftp%2b%2b_server",1
"fastlink_software:the_server",1
"farm9:cryptcat",1
"faqmanager:faqmanager.cgi",1
"faq-o-matic:faq-o-matic",1
"falcon:falcon_web_server",1
"fake_identd:fake_identd",1
"dctc_project:dctc",1
"delix:dld",1
"deerfield:website_pro",1
"deerfield:serv-u_ftp-server",1
"deerfield:ftp_serv-u",1
"deerfield:d2gfx",1
"deepmetrix:livestats",1
"deep_forest_software:quik-serv_webserver",1
"decfingerd:decfingerd",1
"dec:sevms_alpha",1
"dec:sevms",1
"dec:dec_openvms_vax",1
"debian:sgml-tools",1
"debian:netstd",1
"debian:netkit",1
"debian:elvis_tiny",1
"deltascripts:php_classifieds",1
"dbmlparser.exe:dbmlparser.exe",1
"dbadmin:dbadmin",1
"davin_mccall:dlogin",1
"david_harris:mercury_nlm",1
"david_f._mischler:iproute",1
"dave_lawrence:xtux",1
"dave_airlie:pam_smb",1
"dattaraj_rao:simple_server",1
"datawizard:webxq",1
"datalynx:suguard",1
"datalex:bookit_consumer",1
"dark_hart_portal:darkportal-unix",1
"danware_data:netop",1
"dansie:shopping_cart",1
"daniel_stenberg:dispair",1
"dmozgateway:dmozgateway",1
"east_technologies:east-tec_eraser",1
"earl_hood:man2html",1
"e-zone_media_inc.:fusetalk",1
"e-zone_media:fuse_talk",1
"dynu_systems_inc.:dynu_ftp_server",1
"dynfx:dynfx_mailserver",1
"duncan_hall:viralator",1
"dump:dump",1
"dug_song:fragrouter",1
"dug_song:fragroute",1
"dug_song:dsniff",1
"drupal:drupal",1
"doug_neal:dnhttpd",1
"doow:doow",1
"dnrd:dnrd",1
"cisco:as5800",1
"dit:transferpro",1
"disney:go_express_search",1
"digital:digital_openvms_axp",1
"digital:digital_openvms",1
"digi-net_technologies:digichat",1
"deti_fliegl:poc32",1
"desiderata_software:blazix",1
"derek_price:cvsd",1
"derek_leung:pslash",1
"denis_howe:foldoc",1
"denicomp:winsock_rshd_nt",1
"denicomp:rshd",1
"denicomp:rexecd",1
"demarc_security:puresecure",1
"deltathree:pc-to-phone",1
"argus_systems:pitbull_lx",1
"apple:claris_emailer",1
"apple:ichat_server",1
"apple:tcp_ip_configuration_utility",1
"apple:webobjects",1
"aps_filter_development_team:apsfilter",1
"aptis_software:totalbill",1
"arcad_systemhaus:arcad",1
"arcane_software:vermillion_ftp_daemon",1
"apple:appleshare_mail_server",1
"armada_design:master_index",1
"arp_protocol:arp_protocol",1
"arsc_really_simple_chat:arsc_really_simple_chat",1
"artisoft:xtramail",1
"artscore_studios:cutecast_forum",1
"artsd:artsd",1
"ascend:multilink_ppp_for_isdn",1
"ascend:radius",1
"app:apboard",1
"aplio:aplio_phone",1
"apc:apcupsd",1
"apc:ap9606",1
"apache:mod_python",1
"anyportal_php:anyportal_php",1
"andy_norman:gnuserv",1
"analogx:simpleserver_shout",1
"anaconda_partners:foundation_directory",1
"anaconda_partners:clipper",1
"amanda:amanda",1
"altavista:search_intranet",1
"alsaplayer:alsaplayer",1
"allume_systems_division:stuffit_expander",1
"alloy:gl-2422ap-s",1
"austin_contract_computing:merchant_order_form",1
"avt:rightfax",1
"avirt:rover",1
"avirt:avirt_soho",1
"avirt:avirt_mail_server",1
"avirt:avirt_gateway",1
"avaya:cajun_p882",1
"avaya:cajun_p880",1
"avaya:cajun_p580",1
"avaya:cajun_p550r",1
"avaya:cajun_p550",1
"avaya:cajun_p330",1
"avaya:cajun_p130",1
"avaya:cajun_m770-atm",1
"autogalaxy:autogalaxy",1
"authoria:authoria",1
"alliedtelesyn:rapier_24",1
"atstake:antisniff",1
"atrius_trivalie_sn:time_sync",1
"atrium_software:mercur",1
"atrium_software:cassandra_nntp_server",1
"atretail:atretail",1
"atmel:firmware",1
"atmel:802.11b_vnet-b_access_point",1
"atheos:atheos",1
"atguard:atguard_personal_firewall",1
"at_computing:atsar_linux",1
"astrocam:astrocam",1
"aspbin:newspro",1
"ashley_montanaro:darxite",1
"ascom:timeplex_routers",1
"ascii_nt:winwrapper_professional",1
"actinic:actinic_catalog",1
"accessdata:secureclean",1
"acd_incorporated:cwpapi",1
"acd_systems:acdsee",1
"acfp_project:acfreeproxy",1
"acftp:acftp",1
"acme_labs:acme%2cserver",1
"acme_labs:mini_httpd",1
"acme_labs:perlcal",1
"acc:tigris",1
"actionpoll:actionpoll",1
"active_web_suite_technologies:active_classifieds",1
"activestate:activeperl",1
"activestate:activepython",1
"activxperts_software:activwebserver",1
"acushop:salesbuilder",1
"ada_core_technologies:gnat_pro_native",1
"adam_megacz:tinyssl",1
"abisoft:baxter",1
"abe_timmerman:zml.cgi",1
"aaron_ledbetter:cidentd",1
"a-ftp:anonymous_ftp_server",1
"4d:webstar_http_server",1
"3com:webbngss3nbxnts",1
"3com:total_control_netserver_card",1
"3com:superstack_ii_ps_hub",1
"3com:superstack_ii_hub",1
"3com:hiperarc",1
"3com:3crwe747a",1
"3com:3cr29223",1
"3com:3cdaemon",1
"3com:3c840-us",1
"24link:24link",1
"aladdin_knowledge_systems:etoken",1
"alliedtelesyn:at-ar220e",1
"alliedtelesyn:at-8024",1
"allegro:rom_pager",1
"allaire:coldfusion",1
"allaire:clustercats",1
"alguest:alguest",1
"alexander_siegel:golddig",1
"alex_linde:alexs_ftp_server",1
"alec_muffet:cracklib",1
"aldap:aldap",1
"alcatel:speed_touch_adsl_modem",1
"alcatel:omniswitch",1
"alcatel:aos",1
"alcatel:adsl_modem_1000",1
"alan_cox:gnome-lokkit",1
"axent:raptor_firewall",1
"alabanza:control_panel",1
"aktivate:aktivate",1
"akopia:minivend",1
"akopia:akopia_interchange",1
"agh:htmlsearch",1
"aftpd:aftpd",1
"afterstep.org:afterstep",1
"affordable_web_space_design:affordable_web_space_design_webbbs",1
"advanced_poll:advanced_poll",1
"adtran:mx2800",1
"adobe:photodeluxe",1
"adobe:framemaker",1
"adobe:acrobat_business_tools",1
"admiral_systems:emailclub",1
"adgrafix_corporation:check_it_out",1
"castelle:faxpress",1
"caldera:volution_manager",1
"calisto:calisto_internet_talker",1
"camshot:webcam_http_server",1
"carello:e-commerce",1
"carey_internet_service:commerce.cgi",1
"carlos_sanchez_valle:mynewsgroups",1
"carnegie_mellon_university:cyrus-sasl",1
"cartit:cartit",1
"caldera:volution",1
"caupo.net:cauposhop",1
"cc:cc_whois",1
"cccsoftware:ccc",1
"ccs_network:hyperseek_search_engine",1
"cdomain:cdomainfree",1
"celtech_software:expressfs",1
"centra:asp",1
"centra:centraone",1
"caldera:openlinux_lite",1
"caldera:network_desktop",1
"caldera:coas",1
"cacheflow:cacheos",1
"cabletron:spectrum_enterprise_manager",1
"cabletron:smartswitch_router_8000_firmware",1
"ca:mlink",1
"ca:inoculateit_agent_for_exchange",1
"ca:inoculan",1
"ca:etrust_intrusion_detection",1
"ca:etrust_access_control",1
"ca:controlit",1
"ca:ccc_harvest",1
"bytes_interactive:web_shopper",1
"byte_fusion:bftelnet",1
"cheyenne:inoculan_anti-virus_server",1
"cisco:as5350",1
"cisco:as5300",1
"cisco:as5200",1
"cisco:aironet_ap350",1
"cisco:aironet_340",1
"cisco:aironet",1
"cisco:7500_router",1
"cisco:7200_router",1
"cisco:7100_router",1
"cisco:675_router",1
"cisco:6400_nrp_2",1
"cisco:3660_router",1
"christof_pohl:improved_mod_frontpage",1
"chris_matthee:nftp",1
"chinput:chinput",1
"businessobjects:crystal_reports",1
"checkpoint:vpn-1_firewall-1",1
"checkpoint:next_generation",1
"charles_clark:meteor_ftpd",1
"cgiscript.net:cssearch",1
"cgiscript.net:csnewspro",1
"cgiscript.net:cslivesupport",1
"cgiscript.net:csguestbook",1
"cgiscript.net:cschat-r-box",1
"cgi_script_center:news_update",1
"cgi_script_center:account_manager",1
"cerulean_studios:trillian_pro",1
"century_software:term",1
"centrinity:firstclass_intranet_server",1
"centrinity:centrinity_firstclass",1
"centra:smart_connect",1
"bbc_education:betsie",1
"bintec:x1000",1
"bindview:netinventory",1
"bill_kendrick:gbook.cgi",1
"bill_abt:next_generation_posix_threading",1
"bigfun:bigfun",1
"big_sam:big_sam",1
"bg_guestbook:bg_guestbook",1
"berkeley_softworks:pmake",1
"berkeley:nvi",1
"bent_bagger:pbpg",1
"benjamin_lefevre:dobermann_forum",1
"ben_spink:crushftp_ftp_server",1
"bell_communications_research:s_key",1
"belkin:f5d6130_wnap",1
"bea:tuxedo",1
"bintec:x1200",1
"bavo:bavo",1
"baron_consulting_group:websitetool",1
"bannerwheel:bannerwheel",1
"baltimore_technologies:mailsecure",1
"backweb_technologies:backweb_polite_agent_protocol",1
"backweb_technologies:backweb_client",1
"ayman_akt:ircit",1
"axspawn:axspawn",1
"axis:storpoint_cd",1
"axis:neteye_200%2b",1
"axis:neteye_200",1
"axis:700_network_document_server",1
"axis:2120_network_camera",1
"axis:2110_network_camera",1
"axis:2100_network_camera",1
"borland_software:interbase_superserver",1
"btt_software:snmp_trap_watcher",1
"bsdi:gauntlet",1
"bsd:nvi",1
"browseftp:browseftp_client",1
"brother:nc-3100h",1
"brokenbytes:photodb",1
"broadvision:one-to-one_enterprise_server",1
"broadgun_software:camshot_webcam",1
"brightstation:muscat_empower",1
"brian_stanback:bslist.cgi",1
"brian_stanback:bsguest.cgi",1
"brian_paul:mesa",1
"brian_dorricott:mailto",1
"brecht_claerhout:sniffit",1
"bray_systems:linux_trustees",1
"frox:frox",1
"borderware:firewall_server",1
"boozt:boozt_standard",1
"bogofilter:bogopass_email_filter",1
"bodo_bauer:bbgallery",1
"boa:boa_webserver",1
"bluestone:sapphire_web",1
"bluecoat:cacheos",1
"blue_world_communications:lasso_web_data_engine",1
"blue_world_communications:lasso_cgi",1
"blahz-dns:blahz-dns",1
"blackboard:blackboard",1
"black_tie_project:black_tie_project",1
"bitvise:winsshd",1
"bisonware:bison_ftp_server",1
"bintec:x4000",1
"1st_choice_software:ftppro",1
"logisense:hawk-i",1
"logitech:cordless_freedom",1
"logitech:cordless_freedom_itouch_keyboard",1
"logitech:cordless_freedom_navigator",1
"logitech:cordless_freedom_pro",1
"logitech:itouch_keyboard",1
"logsurfer:logsurfer",1
"lonerunner:zeroo_http_server",1
"logisense:dns_manager_system",1
"lotus:domino_r5_client",1
"lotus:domino_web_server",1
"lst:lst_power_linux",1
"lucent:access_point_service_router_1500",1
"lucent:access_point_service_router_300",1
"lucent:access_point_service_router_600",1
"lucent:ascend_routers",1
"lucent:dslterminator",1
"logicode:quicktel",1
"log2mail:log2mail",1
"livingston_portmaster:portmaster",1
"listmanager:linux",1
"linux_directory_penguin:nslookup",1
"linux_directory_penguin:linux_directory_penguin_traceroute",1
"linux-sottises:board-tnk",1
"linux-nis:rpc.yppasswdd",1
"linux-ha:heartbeat",1
"linksys:wet11",1
"linksys:hpro200",1
"linksys:befsx41",1
"lincoln_d._stein:nph-publish",1
"light:light",1
"lids:lids",1
"mailnews.cgi:mailnews.cgi",1
"martin_hamilton:roads",1
"markus_triska:cginews",1
"markus_kliegl:mod_bf",1
"mark_hanson:xircon",1
"marcus_s._xenakis:unix_manual",1
"marcus_s._xenakis:directory.php",1
"marcos_luiz_onisto:lib_cgi",1
"marconi:asx-1000",1
"marc_schaefer:ptylogin",1
"marc_logemann:more.groupware",1
"maradns:maradns",1
"man_and_mice:dns_pro",1
"mambo:site_server",1
"make-a-store:orderpage",1
"mailscanner:mailscanner",1
"libshout:libshout",1
"mailenable:mailenable",1
"magic:edeveloper",1
"maelstrom:maelstrom_gpl",1
"macromedia:shockwave_flash",1
"macromedia:matrix_screen_saver",1
"macromedia:dreamweaver",1
"macromedia:coldfusion_server",1
"macromedia:coldfusion_professional",1
"lysias:lidik_webserver",1
"lyris:list_manager",1
"lumigent:log_explorer",1
"luke_kenneth_casson_leighton:pam_ntdom",1
"lucent:wavelan",1
"lucent:orinoco_rg-1000",1
"lucent:orinoco",1
"keware_technologies:homeseer",1
"kaspersky_lab:kaspersky_anti-virus",1
"kazaa:kazaa_media_desktop",1
"kde:kde_beta_3",1
"kde:kdeutils",1
"kde:klisa",1
"kde:ktv",1
"kenny_carruthers:postmaster",1
"kerio:personal_firewall",1
"kaspersky_lab:kaspersky_anti-hacker",1
"kgpg:kgpg",1
"killervault:kvpoll",1
"kim_storm:nn",1
"kirk_bauer:diskcheck",1
"kismac:kismac",1
"kismet:kismet",1
"kmmail:kmmail",1
"ko-helvis:ko-helvis",1
"kaffe:kaffe_openvm",1
"kabotie_software_technologies:shopplus_cart",1
"kab_software:lydia",1
"ka-shu_wong:gtetrinet",1
"juniper:netscreen_remote_vpn_client",1
"juniper:netscreen_remote_security_client",1
"juergen_schoenwaelder:scotty",1
"juergen:weigert_screen",1
"judd_montgomery:jpilot",1
"joshua_chamas:apache_asp",1
"jon_zeeff:lmail",1
"jon_howell:faq-o-matic",1
"jon_hedley:alienform2",1
"jon_atkins:imwheel",1
"john_hardin:procmail_email_sanitizer",1
"leafnode:leafnode",1
"libesmtp:libesmtp",1
"lexmark:markvision",1
"levcgi.com:myguestbook",1
"leung:e-guest",1
"les_vanbrunt:adrotate_pro",1
"leon_j_breedt:pam-pgsql",1
"leoboard:lb5000",1
"lenzo:infobot",1
"leif_m._wright:simplestmail.cgi",1
"leif_m._wright:simplestguest.cgi",1
"leif_m._wright:everythingform.cgi",1
"leif_m._wright:ad.cgi",1
"lee_mcloughlin:mirror",1
"lee_herron:allcommerce",1
"lebios:phptonuke.php",1
"martin_roesch:snort",1
"leafdigital:leafchat",1
"lcdproc:lcdproc",1
"lbl:lbl_traceroute",1
"lawson_software:lawson_financials",1
"lars_ellingsen:guestserver",1
"lakeweb:mail_list_cgi_script",1
"lakeweb:filemail_cgi_script",1
"kvirc:irc_client",1
"kunani:kunani_odbc_ftp_server",1
"kth:kth_kerberos_5",1
"kth:kth_kerberos_4",1
"krzysztof_dabrowski:cmd5checkpw",1
"kryptronic:clickcartpro",1
"kootenay_web_inc:kootenay_web_inc_whois",1
"kolban:webcam32",1
"mobydisk:netsuite",1
"mindstorm:smartftp_daemon",1
"mirabilis:icq_98a",1
"mirabilis:icq_for_macos_x",1
"mit:cgiemail",1
"mit:pgp_public_key_server",1
"miva:htmlscript",1
"mnogosearch:mnogosearch",1
"moby:netsuite_web_server",1
"mimanet:source_viewer",1
"mojo_mail:mojo_mail",1
"mollensoft_software:hyperion_ftp_server",1
"montavista_software:hard_hat_linux",1
"moreover.com:cached_feed.cgi_script",1
"mosix_project:clump_os",1
"mosix_project:mosix",1
"mostang:sane",1
"motorola:surfboard",1
"millenux_gmbh:anonftp",1
"mike_spice:quiz_me",1
"mike_spice:my_classifieds",1
"mike_spice:my_calendar",1
"mike_spice:mikes_vote_cgi",1
"microware:os-9",1
"microsys:cyberpatrol",1
"microsoft:works",1
"microsoft:winsock",1
"microsoft:wins",1
"microsoft:windows_script_host",1
"microsoft:windows_messaging",1
"microsoft:windows_media_rights_manager",1
"microsoft:windows_help",1
"microsoft:windows_explorer",1
"mysql:winmysqladmin",1
"nathan_neulinger:cgiwrap",1
"nara_vision:kebi_community",1
"napster:napster_client",1
"napster:knapster",1
"nakata:an_httpd",1
"nagios:nagios",1
"nachuatec:d445",1
"nachuatec:d435",1
"n-base:nh3012",1
"n-base:nh215",1
"n-base:nh208",1
"n-base:nh2048",1
"n-base:nh2015",1
"n-base:nh2012r",1
"n-base:nh2012",1
"microsoft:windows_ce",1
"myserver:myserver",1
"myphpsoft:myphplinks",1
"myphpnuke:myphpnuke",1
"my_postcards:my_postcards_platinum",1
"mutt:mutt_mail_client",1
"mutasem_abudahab:csvform_plus",1
"mutasem_abudahab:csvform",1
"munica:netsql",1
"multisoft:flagship",1
"multi-tech:proxyserver",1
"muhammad_a._muquit:wwwcount",1
"mtr:mtr",1
"mrtg:multi_router_traffic_grapher_cgi",1
"mrtg:mrtgconfig",1
"mpg321:mpg321",1
"mcafee:webshield_smtp",1
"micah_software:full_armor",1
"mewsoft:netauction",1
"metertek:pagelog.cgi",1
"metalinks:metacart2.sql",1
"metainfo:metaweb",1
"metainfo:metaip",1
"messagemedia:unitymail",1
"merit:radius",1
"merit:aaa_radius_server",1
"mercantec:softcart",1
"merak:mail_server",1
"mendel_cooper:shred",1
"menasoft:sphereserver",1
"mediahouse_software:statistics_server_livestats",1
"mckesson:pathways_homecare",1
"michael_barretto:cardboard",1
"mcafee:remote_desktop_32",1
"mcafee:entercept_agent",1
"mcafee:asap_virusscan",1
"maximizer:maximizer_enterprise",1
"matts_whois:matts_whois",1
"matthew_mondor:mmmail",1
"matthew_mondor:mmftpd",1
"matt_wright:textcounter",1
"matt_wright:pgpmail.pl",1
"matt_wright:matt_wright_guestbook",1
"matt_wright:download.cgi",1
"matt_tourtillott:nph-maillist",1
"matt_kruse:calendar_script",1
"matt_blaze:cfs",1
"matsushita_research:mnews",1
"microsoft:home_publishing",1
"microsoft:windows_2003_server",1
"microsoft:windows-nt",1
"microsoft:visual_foxpro",1
"microsoft:sna_server",1
"microsoft:plus",1
"microsoft:photodraw_2000",1
"microsoft:office_converter_pack",1
"microsoft:network_monitor",1
"microsoft:network_firmware",1
"microsoft:msn_setup_bulletin_board_services",1
"microsoft:msn_chat_control",1
"microsoft:money",1
"microsoft:microsoft_data_access_components",1
"microsoft:metadirectory_services",1
"microsoft:interix",1
"john_franks:wn_server",1
"microsoft:greetings",1
"microsoft:foundation_class_library",1
"microsoft:directx_files_viewer_control",1
"microsoft:clip_art",1
"microsoft:baseline_security_analyzer",1
"microsoft:backoffice_resource_kit",1
"microsoft:active_movie_control",1
"microfocus:cobol",1
"microburst:ustorekeeper_online_shopping_system",1
"microburst:udirectory",1
"michel_valdrighi:b2",1
"micheal_lamont:savant_webserver",1
"michael_sandrof:ircii",1
"michael_glickman:itetris",1
"michael_boehme:webdiscount_e_shop_online_shop_system",1
"horsburgh:npulse",1
"helix_code:gnome_installer",1
"helix_code:gnome_updater",1
"helix_code:go-gnome_pre-installer",1
"heysoft:eventsave",1
"heysoft:eventsave%2b",1
"hilgraeve:hyperterminal",1
"his:auktion",1
"holger_lamm:pgp4pine",1
"heat-on_software:hsweb",1
"hotline_communications:hotline_connect",1
"hp:advancestack_10base-t_switching_hub_j3200a",1
"hp:advancestack_10base-t_switching_hub_j3201a",1
"hp:advancestack_10base-t_switching_hub_j3202a",1
"hp:advancestack_10base-t_switching_hub_j3203a",1
"hp:advancestack_10base-t_switching_hub_j3204a",1
"hp:advancestack_10base-t_switching_hub_j3205a",1
"hp:advancestack_10base-t_switching_hub_j3210a",1
"headlight_software:mygetright",1
"harald_hoyer:xandros_desktop_os",1
"harald_hoyer:autorun",1
"hanterm:hanterm",1
"hans_wolters:phpreview",1
"hans_reiser:reiserfs",1
"handspring:visor_network_hotsync",1
"handspring:visor",1
"hamweather:hamweather",1
"hamcards_postcard_cgi:hamcards_postcard_cgi",1
"halycon_software:iasp",1
"h._nomura:tiny_ftpdaemon",1
"gwscripts:gwscripts_news_publisher",1
"guiseppe_tanzilli_and_matthias_eckermann:mod_auth_pgsql",1
"gtk:gtk%2b",1
"hp:secure_web_console",1
"iain_lea:tin",1
"i-drive:filo",1
"hypermail_development:hypermail",1
"hybrid_network:hybrid_ircd",1
"hybrid_network:hsmp",1
"hybrid_network:cable_modem",1
"hughes_technologies:w3-auth",1
"hughes_technologies:libhttpd",1
"hughes_technologies:dsl_vdns",1
"html2ps_project:html2ps",1
"hp:webes_service_tools",1
"hp:trucluster_server",1
"hp:support_tools_manager",1
"hp:sendmail",1
"hp:secure_web_server_for_tru64",1
"grsecurity:grsecurity_kernel_patch",1
"hp:process_resource_manager",1
"hp:praesidium_webproxy",1
"hp:photosmart_print_driver",1
"hp:openview_omniback_ii",1
"hp:openmail",1
"hp:omniback_ii",1
"hp:mpe",1
"hp:jfs",1
"hp:instant_support",1
"hp:hp-ux_series_800",1
"hp:hp-ux_series_700",1
"hp:dtmail",1
"hp:desms",1
"hp:aserver",1
"hp:application_server",1
"gianluca_baldo:phpauction",1
"gdam:gdam",1
"generation_terrorists_designs_and_concepts:sojourn",1
"geocel:windmail",1
"george_burgyan:cgi_counter",1
"gfi:mailsecurity",1
"gftp:ftp_client",1
"gftp:gftp",1
"ggv:ggv",1
"gcc:gcc",1
"gianni_tedesco:fwmon",1
"gisle_aas:digest-md5",1
"globalscape:cuteftp",1
"gnome:bonobo",1
"gnome:esound",1
"gnome:gnome_libs",1
"gnome:gnorpm",1
"gnqs:gnqs",1
"gaztek:ghttpd",1
"gaztek:ghttp",1
"gator:gator",1
"ganglia:php_rrd_web_client",1
"gamsoft:telsrv",1
"gamecheats:advanced_web_server_professional",1
"gafware:cfximage",1
"gabriele_bartolini:ht_check",1
"fuseware:fusemail",1
"fujitsu:uxp_v",1
"fujitsu:chocoa",1
"ftpx:ftp_explorer",1
"ftpfs:ftpfs",1
"ftp:ftp_pasv",1
"ftp:ftp",1
"gnujsp:gnujsp",1
"grpck:grpck",1
"gringotts:gringotts",1
"gregory_kokanosky:phpmynewsletter",1
"greg_roelofs:libpng3",1
"great_circle_associates:majorcool",1
"gravity_storm_software:service_pack_manager_2000",1
"grant_horwood:webodex",1
"grant_averett:cerberus_ftp_server",1
"granite_software:zmerge",1
"gracenote:cddbd",1
"gossamer_threads:dbman",1
"google:toolbar",1
"goodtech:telnet_server_nt",1
"gnutella:gnutella_client",1
"gnuplot:gnuplot",1
"ian_lance_taylor:taylor_uucp",1
"gnu:zlib",1
"gnu:userv",1
"gnu:sharutils",1
"gnu:screen",1
"gnu:make",1
"gnu:gzip",1
"gnu:gnumeric",1
"gnu:gcc",1
"gnu:g%2b%2b",1
"gnu:fileutils",1
"gnu:enscript",1
"gnu:ed",1
"gnu:data_display_debugger",1
"gnu:chess",1
"gnu:cfengine",1
"ipswitch:wincom_lpd",1
"invision_power_services:invision_board",1
"inweb:mail_server",1
"iomega:jazip",1
"iomega:network_attached_storage",1
"iomega:zip_100_mb_drive",1
"ipass:roamserver",1
"iplanet:calendar_server",1
"iplanet:iplanet_enterprise_server",1
"intuit:turbo_tax",1
"irfanview:irfanview",1
"isc:dhcpd",1
"isdn4linux:isdn4linux",1
"iss:internet_scanner",1
"iss:internet_security_scanner",1
"iss:realsecure",1
"iss:realsecure_event_collector",1
"iss:realsecure_nokia",1
"internic:whois_lookup",1
"international_telecommunications:international_telecommunications_webbbs",1
"interaccess:interaccess_telnetd_server",1
"inter7:vpopmail_vchkpw",1
"intelligent_vending_systems:intellivend",1
"intel:xircom_rex_6000",1
"intel:shiva_access_manager",1
"intel:pentuim",1
"intel:pentium",1
"intel:netstructure_7180",1
"intel:netstructure_7110",1
"intel:iparty",1
"intel:intel_pro_wireless_2011b_lan_usb_device_driver",1
"intel:high-bandwidth_digital_content_protection",1
"intel:express_550t",1
"jcraft:jzlib",1
"john_e._davis:most",1
"john_drake:killer_protection",1
"john_bovey:xvt",1
"joes_own_editor:joe",1
"joerg_wendland:libnss-pgsql",1
"joe_depasquale:bannermatic",1
"jo:jo_webserver",1
"jmcce:jmcce",1
"jim_housley:healthd",1
"jidentd:jidentd",1
"jgroff:jgroff",1
"jetty:jetty_http_server",1
"jetico:bcwipe",1
"jerrett_taylor:php_imglist",1
"jcs_web_works:multihtml",1
"intel:express_550f",1
"jason_rahaim:mp3mystic",1
"jason_orcutt:prometheus",1
"jason_hines:phpweblog",1
"jarle_aase:war_ftpd",1
"jan_hubicka:koules",1
"james_seter:bnc_irc",1
"jacques_gelinas:linuxconf",1
"jacob_navia:lcc-win32",1
"jack_de_winter:winsmtp",1
"ja-elvis:ja-elvis",1
"j._p._grossman:proquake",1
"iweb_systems:hyperseek",1
"itserv_incorporated:ridewaypn",1
"ithouse:ithouse_mail_server",1
"itcorp:ispell",1
"ibm:lotus_cc_mail",1
"icq:activelist_server",1
"icat:electronic_commerce_suite",1
"ibm:websphere_plugin",1
"ibm:visualage_for_java",1
"ibm:u2_universe",1
"ibm:tivoli_storage_manager",1
"ibm:tivoli_netview",1
"ibm:system_data_repository",1
"ibm:secureway_firewall",1
"ibm:os_400",1
"ibm:os2_ftp_server",1
"ibm:network_station_manager",1
"ibm:netfinity_remote_control",1
"ibm:navio_nc_browser",1
"ibm:lotus_domino_mail_server",1
"icredibb:icredibb",1
"ibm:informix",1
"ibm:infoprint_21",1
"ibm:http_server_ssl_module_common",1
"ibm:homepageprint",1
"ibm:high_availability_cluster_multiprocessing",1
"ibm:hacmp",1
"ibm:gina",1
"ibm:as400_firewall",1
"ibm:alphaworks_tftp_server",1
"ibm:aix_snmp",1
"ibm:aix_parallel_systems_support_programs",1
"ibm:aix_enetwork_firewall",1
"ibm:4758",1
"ibill_internet_billing_company:processing_plus",1
"iatek:portalapp",1
"infopulse:gatekeeper",1
"intel:express_520t",1
"intel:express_510t",1
"intego:fileguard",1
"intego:diskguard",1
"instant_web_mail:instant_web_mail",1
"inso:dwhttpd",1
"inso:answerbook2",1
"inn:inn",1
"inktomi:traffic_edge",1
"inktomi:search_software",1
"inktomi:media-ixt",1
"infradig:inframail",1
"infoseek:ultraseek_server",1
"informs:picserver",1
"information_security_systems:realsecure_network_sensor",1
"national_instruments:labview",1
"infoblox:dns_one",1
"infinite:infinite_interchange",1
"independent_solution:super_site_searcher",1
"independent_solution:simple_site_searcher",1
"incognito_software_inc:ismtp_gateway",1
"imp:webmail",1
"immunix:stackguard",1
"imho:imho_webmail",1
"imesh.com:imesh",1
"ihtml_merchant:ihtml_merchant",1
"ids:ids",1
"id_software:quakeworld",1
"id_software:quake_2i_server",1
"id_software:quake_2_server",1
"id_software:quake_2",1
